fruit_name,year,January,Febuary,March,April,May,June,July,August,September,October,November,December
蘿蔔,2020,8.34,8.40,7.11,6.77,7.55,7.92,3.53,3.53,,11.87,9.86,23.33,11.38
胡蘿蔔,2020,7.90,9.09,10.22,11.02,13.50,15.25,17,17,18.5,19.33,20.17,102.35,15.25
山藥,2020,30,29.20,29.83,29.40,32.53,,,,,61.67,49.33,3.09,54.33
牛蒡,2020,,,27.67,33.83,,,,,,,,36.95,
生薑,2020,,,108,62.33,56.33,43.67,41.67,41.67,42,42,41.67,4,
生薑,2020,22.38,24,22.33,25.67,27.11,30.33,28.67,28.67,34.67,33,34,24,29.33
芋頭,2020,37.55,39.52,32.67,34.33,32,33.33,,,42.1,40.53,44.75,200,53.08
綠竹筍,2020,,,,132.88,125.02,101.37,82.19,82.19,59.82,63.58,89.33,52.78,
烏殼綠竹筍,2020,,,,,,,,,,,,24,
麻竹筍,2020,30,30,36.67,39.50,41.83,39,26,26,19.67,19.67,18.5,54.5,
桂竹筍,2020,,,,31.67,32,,,,,,,,
轎篙筍,2020,,,,,26.67,27.50,,,,,,54.5,
白蘆筍,2020,,,,,96.57,133.58,191.67,191.67,111.67,127.95,142.8,20.77,
綠蘆筍,2020,205,177,111.58,129,123.93,162.07,195.07,195.07,189.4,186.82,217.33,102.35,231.67
茭白筍,2020,,83.33,81.67,46.33,49.33,83.33,83,83,61.67,57,69.33,36.95,
大芥菜,2020,10.09,9.03,,,,,,,,,,,
馬鈴薯,2020,22.03,21.83,22.92,22.92,26,23.83,23.50,23.50,25,25.83,26,54.5,30.33
加工麻竹筍,2020,,,,,,,12.03,12.03,12.27,12.46,,,
青蔥,2020,43.44,36.86,30.79,25.66,23.02,37.41,74.52,74.52,104.39,69.43,39.58,52.25,31.57
蔥頭,2020,,,,,,,,,,,,54.5,
洋蔥,2020,11.50,10.50,10.76,12.48,15.30,17.90,18.73,18.73,20.4,,,24,10
青蒜,2020,63.42,55.30,45.22,54.83,,,,,,,,54.5,
蒜頭,2020,,131.20,95.20,95.26,99.86,99.93,125,125,175.24,252.84,190.43,54.5,
荸薺,2020,,,,,,,,,,,,54.5,
韭菜,2020,28.70,30.06,22.11,20.18,17.08,31.82,27.87,27.87,31.01,41.47,43.7,52.25,40.21
韭黃,2020,,,,,,,,,,,,54.5,
蕹菜,2020,40.26,50.89,21.32,27.33,20.04,29.77,19.12,19.12,28.24,24.58,28.11,32.83,38.44
芹菜,2020,25.50,40.50,26.42,38.50,23.67,,,,,,,54.5,
甘藍,2020,8.76,13.33,7.32,8.69,12.32,21.19,21.39,21.39,28.14,28.3,28.39,57.5,17.19
甘藍芽,2020,,,,,,,,,,,,24,
小白菜,2020,15.75,12.08,12.27,20.83,14.73,32.05,13.67,13.67,37.81,23.68,20.58,,23.90
青江白菜,2020,26.50,14.83,9.33,17.33,10,28.33,11,11,32.67,17.33,15,54.5,17.42
結球白菜,2020,10.55,10.63,8.83,7.72,9.99,17.71,11.44,11.44,16.14,16.41,16.96,54.5,15.33
結球白菜,2020,,,,,,,,,,,,52.78,
菠菜,2020,27.16,20.07,12.21,33.61,,63.23,48.97,48.97,52.7,51.07,46.63,54.5,31.75
芥藍,2020,,,,,,,,,,,,54.5,
莧菜,2020,41.10,,19.95,27.05,20.01,30.03,19.13,19.13,26.71,20.98,26.89,20.77,39.02
本島萵苣,2020,18,30.67,13.67,19.50,17.17,,,,,,,52.78,
萵苣,2020,,,7.50,9.11,10.73,,,,,,,54.5,
茼萵,2020,20.50,41.33,26.67,39.67,,,,,,22,84,54.5,38.67
花椰菜,2020,19.05,28.32,17.63,19.99,19.59,46.98,39.65,39.65,43.69,41.18,40.57,255.95,32.12
青花苔,2020,25.51,29.42,22.07,34.02,,,,,,,,52.25,
金針菜,2020,641.50,641.50,641.50,641.50,638.67,633,626.33,626.33,,,,23.33,698.33
越瓜,2020,,,,,,,,,,,,54.5,
胡瓜,2020,23.01,29.69,18.04,10.68,11.38,19.24,15.42,15.42,18.94,21.74,19.93,54.5,26.33
胡瓜,2020,,,,,,,,,,,,54.5,
花胡瓜,2020,35.63,39.99,26.22,17.93,23.77,42.04,28.69,28.69,33.01,37.7,29.73,54.5,36.66
冬瓜,2020,,,15.13,10.53,8.15,6.20,7.90,7.90,8.1,11.65,11.05,,10
苦瓜,2020,37.77,51.09,49.07,29.69,22.13,33.52,21.94,21.94,42.26,52.78,45.01,20.77,37.58
絲瓜,2020,,,,,,,,,,,,102.35,
絲瓜,2020,29.55,35.37,24.29,16.45,15.90,25.52,14.83,14.83,19.79,16.02,20.55,,27.20
扁蒲,2020,17.49,15.33,11.18,8.74,7.89,,,,,,,,
茄子,2020,20.67,21.25,17.11,16.61,14.93,31.72,18.25,18.25,25.14,26.09,21.12,57.5,23.52
番茄,2020,18.34,22.91,20.42,20.25,19.67,33.33,44.67,44.67,25,42.5,40.67,,27.53
小蕃茄,2020,38,30.22,40.75,31,33.17,28.33,41.33,41.33,89.33,72.33,70,36.27,41.89
小番茄,2020,133.37,123.53,140.36,135.93,134.53,,,,,,,13.02,145.32
牛蕃茄,2020,14.21,23.18,18.39,18.14,6.87,27.68,38.05,38.05,41.82,47.08,53.11,54.5,32.29
甜椒,2020,20.88,25.48,21.20,13.37,15.67,42.38,23.04,23.04,26.18,38.8,50.1,36.27,31.63
西瓜,2020,,,9,10.72,10.79,16.12,21.93,21.93,20.67,,,54.5,
西瓜,2020,,,10.63,8.58,8.89,15.34,14.29,14.29,11.95,11.78,17.83,54.5,
西瓜,2020,,,,,,,,,,,,23.33,
洋香瓜,2020,35.25,31.20,27.73,32.97,24.06,33.57,24.18,24.18,26.38,49.78,39.22,13.02,
香瓜,2020,,,39,37.33,21.16,24.05,31.02,31.02,46.5,30.58,21.33,54.5,32.83
敏豆,2020,49.40,63.22,59.44,57.50,59.33,92.95,78.68,78.68,76.12,81.45,91.57,,
豇豆,2020,48.67,51.78,36.22,28.75,28.33,45.33,28.17,28.17,34.33,38.8,49,52.25,71.49
豌豆,2020,65.70,72.82,68.88,63.33,,,,,,,,52.25,50.11
甜豌豆,2020,54,49.33,40.43,59.33,,,,,,,,20.77,105.98
毛豆,2020,24.07,12.35,10,,11.50,,,,,,,,
菜豆,2020,,,,,,,,,,,,54.5,14.53
辣椒,2020,52,57.74,54.79,40.94,25.69,28.36,35.81,35.81,48.29,59.75,72.21,54.5,
玉米筍,2020,,,,,,,,,,,,54.5,75.23
甜玉米,2020,18.38,24.34,18.37,18.65,12.35,13.90,19.94,19.94,17.74,20.89,24.19,54.5,
蓮藕,2020,,,,,,,,,30.33,38.33,46.5,120,19.36
草莓,2020,175.34,135.19,114,100.28,,,,,,,,54.5,120
洋菇,2020,103.33,98.89,96.67,120,120,120,120,120,120,120,,74.67,153
香菇,2020,1453.75,1457.50,1510,1521.67,1505,1505,1492.50,1492.50,1496.67,1505,1513.33,54.5,102.50
香菇,2020,106.50,105,105,105,104.33,105.11,105.11,105.11,105.11,106.22,104.56,54.5,1498.33
木耳,2020,57.09,55.83,60.56,32.67,40,26.67,24,24,32.67,50.17,,50,101.78
鮑魚菇,2020,,,,,,,,,,,,54.5,57
杏鮑菇,2020,,,,,,55.55,55,55,61.78,73.33,76.33,,
葡萄柚,2020,18.50,25.67,26,,,,,,,30,,54.5,72.11
芒果,2020,,,,54.63,45.08,44.78,,,,,,54.5,16
芒果,2020,,,,,49.92,41.29,41.44,41.44,,,,54.5,
芒果,2020,,,,,,23.86,23.31,23.31,34.98,,,54.5,
番石榴,2020,,,,,,,,,,,,67.22,
番石榴,2020,,,,,,,,,,,,54.5,
番石榴,2020,34.30,27.79,20.20,17.13,21.53,14.42,13.92,13.92,24.15,27.86,,54.5,
番石榴,2020,,,,,,,,,,,,54.5,26.70
蓮霧,2020,75.50,58.76,58.13,57.25,52.58,41.19,,,,,,54.5,
枇杷,2020,,85.56,147.80,155.73,,,,,,,,74.67,68.90
荔枝,2020,,,,,55,42.25,38.30,38.30,,,,54.5,
荔枝,2020,,,,,108.81,81.70,,,,,,54.5,
龍眼,2020,,,,,,,62.58,62.58,43.07,43.47,,54.5,
棗子,2020,75.09,43.67,52.65,,,,,,,,,,
番荔枝,2020,75.75,81.70,104.22,,,,91.67,91.67,67.17,78.6,,,62.75
鳳梨釋迦,2020,85.01,66.79,75.86,97.03,,,,,,,,,66.53
楊桃,2020,27.25,20.67,20.67,24.33,,,,,17.15,23,,,70.28
酪梨,2020,,,,,,84.88,53,53,52.78,78.78,,,25.50
椰子,2020,8.09,7.99,7.36,8.07,9.17,8.72,9.33,9.33,9.72,11.17,,,85.33
檳榔,2020,1.06,1.33,1.67,1.65,2.03,1.55,0.66,0.66,1.36,1.39,,,10
彌猴桃,2020,,,,,,,,,,,,,1.09
木瓜,2020,28.58,22.79,30.41,26.73,24.85,25.72,25.98,25.98,20.28,20.71,,,
百香果,2020,,,,,,70.17,58.92,58.92,54.88,45.6,,,36.10
青香蕉,2020,21.51,21.80,32.73,33.85,21.68,12.93,10.70,10.70,17.24,9.73,,,29.85
鳳梨,2020,,,,,,18.74,17.91,17.91,17.84,18.3,,,9.07
鳳梨,2020,30,23.33,17.93,17.45,18.71,15.24,21.42,21.42,28.2,24.67,,,
紅龍果,2020,,,,,57.58,35,26.85,26.85,33.76,34.34,,,27
椪柑,2020,42.40,22.86,,,,,,,,,,,
桶柑,2020,31.25,23.05,34.02,,,,,,,,,,27.32
文旦,2020,,,,,,,,,29,68.13,,,
柳橙,2020,17.72,18.45,18.67,,,,,,,,,,
檸檬,2020,62.43,39.03,29.99,27.16,27,15.27,11.55,11.55,12.36,12.01,,,16.11
海梨柑,2020,17.72,14.17,,,,,,,,,,,37.94
茂谷柑,2020,35.95,32.29,,41.60,,,,,,,,,
白柚,2020,,,,,,,,,,,,,27
金柑,2020,43.50,48.67,71.33,,,,,,,,,,35
李,2020,,,,,,,,,,,,,41.83
李,2020,,,,,59.33,50.67,,,,,,,
鶯歌桃,2020,,,,,,130,,,,,,,
甜桃,2020,,,,67.83,70,,,,,,,,
水蜜桃,2020,,,,,,300,176.23,176.23,104.7,,,,
牛心柿,2020,,,,,,,,,,40,,,
甜柿,2020,,,,,,,,,,,,,
紅柿,2020,,,,,,,,,20,22.83,,,88.96
青梅,2020,,,50,43.89,43.50,,,,,,,,
青梅,2020,,,,17.25,18,,,,,,,,
橫山梨,2020,,,,,,,,,50,20,,,
新世紀梨,2020,,,,,,,,,40,45,,,
豐水梨,2020,,,,,,74.08,87.69,87.69,155,,,,
幸水梨,2020,,,,,,,,,,,,,
新興梨,2020,,,,,,53,50.84,50.84,51.91,54.44,,,
五爪蘋果,2020,,,,,,,,,,,,,
金冠蘋果,2020,,,,,,,,,,,,,
富士蘋果,2020,,,,,,,,,,,,,
巨峰葡萄,2020,84.50,165,136.67,165.83,97.17,68.31,62.65,62.65,69.61,107,,,
落花生,2020,66.23,57.33,58,58,59.84,66.16,66.52,66.52,62.8,62.91,,,58.75
花生仁,2020,111.25,,,,,105.51,,,,,,,51.41
紅豆,2020,67.71,65.56,,,,,,,,,,,
綠豆,2020,100,100,113.33,100,104,104,100,100,100,100,,,58.27
花豆,2020,,,,,,,,,,,,,
大豆,2020,,83,,,66.67,50.52,50,50,,,,,
甘藷,2020,15.98,15.05,15.40,16.48,17.20,18.26,15.21,15.21,16.31,15.09,,,53.05
烏龍茶菁,2020,,,230,240.17,266.80,295.83,265,265,265,197,,,11.46
烏龍茶菁,2020,,,,89,83.50,70.83,70,70,70,67.5,,,
金萱茶菁,2020,,,178.75,139.18,157.50,140.83,115,115,115,113.33,,,
金萱茶菁,2020,,,41,49.09,48.58,46.22,45.67,45.67,45.67,44,,,
蓮子,2020,,,,,580,580,566.50,566.50,556.5,510,,,
荖花,2020,,,,,,,,,,,,,
咖啡,2020,101,103,98.55,103.33,110,,,,,,,,
紅甘蔗,2020,10.58,10.42,10.92,10.67,8.42,8.67,8.33,8.33,8.58,8.5,,,93.66
芝麻,2020,220.98,215.22,200,200,225,216.67,200,200,200,200,,,10.26
文心蘭,2020,9.30,9.16,8.60,6.84,6.70,7.58,10.35,10.35,8.69,4.97,,,215.28
菊花,2020,8.51,10.13,5.99,3.16,2.88,5.40,7.25,7.25,7.68,7.59,,,6.52
菊,2020,3.62,4.27,3.40,2.33,2.67,4.67,6.67,6.67,7,6.05,,,7.31
玫瑰,2020,5.43,7.97,4.59,2.75,5.59,4.63,3.66,3.66,5.64,4.04,,,5.76
火鶴,2020,12.97,11.83,9.44,7.30,6.99,7.49,10.92,10.92,11.5,10.81,,,5.72
非洲菊,2020,2.92,2.45,1.72,2.01,1.80,4.48,4.70,4.70,5.77,6.01,,,10.93
滿天星,2020,37.25,30.50,37.67,36.50,42.33,72.17,64.83,64.83,86.33,78.33,,,4.45
卡斯比亞,2020,55,,,,,,,,,,,,66.83
香石竹,2020,,,,,,,,,,,,,
香石竹,2020,4.63,4.17,2.63,2.08,3.86,2.43,5.75,5.75,4.58,4.83,,,
天堂鳥,2020,12.75,10,6.50,7.40,6.67,8.67,7.33,7.33,9,9.67,,,4.67
夜來香,2020,3.25,5,4.17,5.33,3,3.33,3.17,3.17,6.07,5.17,,,12.33
唐菖蒲,2020,3.39,3.34,2.83,3.30,2.27,4.28,3.71,3.71,6.91,3.61,,,4.83
葵百合,2020,,,,,,,,,,,,,4.50
姬百合,2020,,,,,,,,,,,,,
香水百合,2020,,,,,,,,,,,,,
香水百合,2020,,,,,,,,,,,,,
香水百合,2020,28.88,23.33,22.33,23.59,17.89,21.75,28.90,28.90,33.12,32.31,,,
大理花,2020,,,,,,,,,,,,,31.56
聖誕紅,2020,,,,,,,,,,,,,
蘿蔔,2019,5.35,6.49,5.90,6.72,8.43,9.70,10.77,10.77,8.40,5.13,7.43,5.94,75
胡蘿蔔,2019,8.29,8.38,8.12,9.11,10.58,11.67,13.17,13.17,14.50,16.43,18.50,11.08,10.50
山藥,2019,20.67,20.50,24,22,23.43,,,,,46,40,27,30.67
牛蒡,2019,,,26,28.33,,,,,,,,,
生薑,2019,,,58,68,51.22,45.17,44.83,44.83,41.17,34.50,34.17,,
生薑,2019,32.59,29.25,31.06,31.66,37.34,36.67,38.33,38.33,34,30.67,36.33,25.67,25.67
芋頭,2019,37.26,42.53,41.67,42,39,33.67,32.67,32.67,34.13,33.60,46.94,45.72,38.67
綠竹筍,2019,,,,159,128.44,89.77,90.03,90.03,82.95,73.95,109.52,,
烏殼綠竹筍,2019,,,,,,,,,,,,,
麻竹筍,2019,53.33,50,50,35.50,41.17,33.17,31.83,31.83,36.67,27.72,26.11,30,30
桂竹筍,2019,,,,25.11,23,,,,,,,,
轎篙筍,2019,,,,,31.50,38,,,,,,,
白蘆筍,2019,,,,109.33,96.17,123.17,101.67,101.67,137.17,122.17,96.67,95.67,
綠蘆筍,2019,233.33,125.50,118.92,124.67,122.53,141,172.27,172.27,167,157.75,153.92,150.83,193.33
茭白筍,2019,,53.50,63.33,51.67,66.67,75.67,90.67,90.67,84.33,69.33,46.33,53,
大芥菜,2019,10.15,13.58,,,,,,,,,,,
馬鈴薯,2019,20.54,20.28,20.67,20,21.37,22.17,22.33,22.33,23,24.77,25.17,24.83,25.25
加工麻竹筍,2019,,,,,,,13.44,13.44,11.73,11.69,,,
青蔥,2019,19.89,28.39,33.31,28.58,25.86,22.89,28.83,28.83,87.21,174.64,168.03,158.26,107.74
蔥頭,2019,,,,,,,,,,,,,
洋蔥,2019,14.02,12.58,12.43,13.12,21.13,22,19.83,19.83,18.80,,,,14
青蒜,2019,31.58,38.60,56.45,42.21,,,,,,,,,86.33
蒜頭,2019,,89.70,73.41,79.20,81.72,76.78,75.29,75.29,84.82,89.96,93.92,90.86,93
荸薺,2019,,,,,,,,,,,,,
韭菜,2019,24.56,24.97,24.67,22.67,20.38,23.49,30.55,30.55,35.50,49.38,38.99,38.63,45.70
韭黃,2019,,,,,,,,,,,,,
蕹菜,2019,33.70,28.30,42.12,25.89,32.64,26.84,29.67,29.67,29.38,32.50,18.27,26.47,38.71
芹菜,2019,33.33,38.50,37.58,29.08,50,,,,,,,,
甘藍,2019,5.64,9.80,10.17,24.04,27.15,27.53,28.45,28.45,26.57,26.76,16.97,10.59,10.50
甘藍芽,2019,,,,,,,,,,,,,
小白菜,2019,13.92,17.87,26.64,14.43,21.71,28.97,28.96,28.96,29.57,31.92,14.26,17.60,21.78
青江白菜,2019,16.33,19.25,30.67,14.67,21.67,19.67,21.67,21.67,34,29.67,10.67,16.67,22.83
結球白菜,2019,9.29,12.79,14.58,11.54,12.92,14.26,15.99,15.99,16.74,20.38,12.42,10.66,14.08
結球白菜,2019,,,,,,,,,,,,,
菠菜,2019,17.74,15.08,28.06,32.90,,53.43,73.07,73.07,71.43,129.30,53.45,27.17,25.08
芥藍,2019,,,,,,,,,,,,,
莧菜,2019,26.58,,45.53,23.66,29.19,23.99,30.06,30.06,31.87,29.62,19.63,24.29,34.02
本島萵苣,2019,13.17,20.50,30.50,26,21.17,,,,,,,,
萵苣,2019,12.50,8,19.63,18,14,,,,,,,,
茼萵,2019,26.56,21.83,33.83,38.33,,,,,,19,34,39.08,32
花椰菜,2019,20.13,20.31,25.90,22.33,32.63,33.60,49.50,49.50,47.42,55.31,38.09,25.17,20.09
青花苔,2019,26.23,26.66,34,47.58,,,,,,,,,
金針菜,2019,627.33,627.75,626.50,628.17,627.33,627.33,626.50,626.50,602.83,600,606.67,663.83,641.50
越瓜,2019,,,,,,,,,,,,,
胡瓜,2019,18.07,19.34,22.65,18.59,19.77,13.67,13.73,13.73,21.03,31.63,18.91,14.18,24.09
胡瓜,2019,,,,,,,,,,,,,
花胡瓜,2019,26.94,21.90,34.40,26.08,28.17,22.88,28.98,28.98,44.52,47.02,26.99,31.53,36.12
冬瓜,2019,7.33,9,11.83,10.03,9.68,14.67,15,15,13,15.38,12.90,13.20,
苦瓜,2019,24.62,29.13,38.75,27.64,33.69,27.95,37.87,37.87,46.55,63.36,38.08,36.73,38.61
絲瓜,2019,,,,,,,,,,,,,
絲瓜,2019,16.80,14.56,23.27,15.33,20.84,27.18,22.83,22.83,31.04,24.81,16.49,19.99,30.38
扁蒲,2019,10.99,11.67,17.35,13.22,15.67,,,,,,11.25,8.67,16.47
茄子,2019,17.19,12.30,20.95,18.43,24.78,29.45,26.67,26.67,31.59,42.81,23.94,23.19,21.39
番茄,2019,14.89,10.14,23.06,24.73,46.83,50,74,74,27,40.25,43.08,31.18,20.99
小蕃茄,2019,28.56,24.83,31.22,31.17,55.50,58.33,64.33,64.33,89.33,72,,70.55,57.78
小番茄,2019,115.83,83.29,108.23,116.47,139.52,,,,,,,169.59,163.58
牛蕃茄,2019,11.69,9.48,18.50,25.12,31.56,66.68,105.08,105.08,60.60,40.42,53.72,24.84,19.03
甜椒,2019,14.88,23.13,30.82,25.65,28.50,52.24,51.31,51.31,37.65,66.21,38.20,22.51,21.72
西瓜,2019,,,7,10.40,13.43,13.88,18.59,18.59,23.67,,,,
西瓜,2019,,,13.33,11.92,10.11,14.47,14.40,14.40,13.02,17.50,19,,
西瓜,2019,,,,,,,,,,,,,
洋香瓜,2019,37.52,33.60,35.04,44.11,40.19,41.33,33.92,33.92,44.05,47.50,45.67,31.33,29.67
香瓜,2019,,,36.67,34.11,26.40,27.05,28.63,28.63,45.48,32.91,31.06,21.75,
敏豆,2019,54.73,46,66.56,78,72.08,84.39,85.63,85.63,84.32,106.98,75.62,45.77,55.97
豇豆,2019,46.67,44.50,58.48,36.83,33.17,28.33,40.25,40.25,46.67,49.73,41.95,39.67,35.78
豌豆,2019,74.67,52.37,84,84.33,,,,,,,,79.18,69.08
甜豌豆,2019,60.17,45,68.33,70,,,,,,,,,
毛豆,2019,23.20,12.35,10,,8.75,,,,,,,,14.70
菜豆,2019,,,,,,,,,,,,,
辣椒,2019,25,23.97,48.52,57.92,38.72,48.39,82.98,82.98,147.03,146.40,120.55,67.67,64.19
玉米筍,2019,,,,,,,,,,,,,
甜玉米,2019,17.88,17.56,21.86,18.60,15.98,14.77,16.30,16.30,23.69,24.79,29.68,19.35,15.86
蓮藕,2019,160,,,,,,,,45,53.83,54.50,130,130
草莓,2019,186.11,135.56,129.44,138.33,,,,,,,,150,175.67
洋菇,2019,96.67,93.33,94.22,126.67,128.33,118.33,120,120,120,120,120,103.33,100
香菇,2019,1513.33,1512.50,1520,1515.83,1515.83,1520,1513.33,1513.33,1522.50,1523.33,1518.33,1462.50,1441.67
香菇,2019,108.33,108.33,107.67,107.67,107.67,107.67,108.33,108.33,108.33,108.78,109,104.55,103.44
木耳,2019,49.83,51.25,57.11,63.72,49.55,52.78,55.55,55.55,55.55,63.34,62.22,62.72,60.06
鮑魚菇,2019,,,,,,,,,,,,,
杏鮑菇,2019,,,,,,65,68.89,68.89,71.22,77.11,72.11,71.89,66.78
葡萄柚,2019,12.17,14,12,,,,,,,32.33,23.81,17.81,14.67
芒果,2019,,,,67,62,47.50,,,,,,,
芒果,2019,,,,,63.46,47.09,38.05,38.05,,,,,
芒果,2019,,,,,,27.08,20.95,20.95,32.31,,,,
番石榴,2019,,,,,,,,,,,,,
番石榴,2019,,,,,,,,,,,,,
番石榴,2019,24.87,24.16,17.58,10.38,18.25,23.51,21.77,21.77,27.74,33.67,33.20,37.96,45.05
番石榴,2019,,,,,,,,,,,,,
蓮霧,2019,60.72,54.88,49.16,58.93,59.92,56.33,,,,,,86.67,70.31
枇杷,2019,,177.15,177.95,180.83,,,,,,,,,
荔枝,2019,,,,,,90.62,90,90,,,,,
荔枝,2019,,,,,233.55,174.74,,,,,,,
龍眼,2019,,,,,,,103.67,103.67,107.06,108.57,,,
棗子,2019,59.64,36.15,43.50,,,,,,,,,,73.08
番荔枝,2019,82,92.67,102.17,,,,99.67,99.67,68.07,87.42,86.28,82.82,88.61
鳳梨釋迦,2019,75.67,79.07,90.89,111.70,,,,,,,,81.72,76.21
楊桃,2019,21,21.84,22.22,29.33,,,,,28.33,25.83,25.33,30,32
酪梨,2019,,,,,,81.06,61.78,61.78,72.78,82.28,85.83,75,80
椰子,2019,9.28,8.67,8.29,8.74,9.55,8.78,9,9,8.61,11.17,10.67,10.33,9.92
檳榔,2019,1.15,1.45,1.50,1.77,1.30,0.47,0.24,0.24,1.09,1.12,1.16,1.05,0.99
彌猴桃,2019,,,,,,,,,,,,,
木瓜,2019,26.50,21.54,27.50,30.31,28.36,35.15,32.32,32.32,35.33,31.91,29.15,35.20,34.39
百香果,2019,,,,,,79.04,61.75,61.75,61.32,65.64,53.54,43.03,32.81
香蕉,2019,20.06,15.11,18.99,21.65,22.84,23.62,19.99,19.99,28.20,26.14,21,15.98,25.12
鳳梨,2019,,,,,,18.69,19,19,25.32,18.10,18,18,
鳳梨,2019,18.33,12.25,14.39,18.01,22.92,23.87,21.29,21.29,27.11,28.89,,23,25.33
紅龍果,2019,,,,,54.46,47.20,30.11,30.11,37.70,41.08,37.32,30.60,
椪柑,2019,32.92,,,,,,,,,,38.09,29.82,30.40
桶柑,2019,32.35,25.18,26.11,,,,,,,,,,
文旦,2019,,,,,,,,,29.50,41.77,,,
柳橙,2019,21.70,25.13,25.56,,,,,,,,20.14,18.71,17.78
檸檬,2019,40.92,29.68,26.73,19.09,17.73,14.11,11.90,11.90,11.60,14.66,28.86,42.61,62.36
海梨柑,2019,15.28,1.50,,,,,,,,,,,
茂谷柑,2019,38.47,27.27,26,27.50,,,,,,,,,36.58
白柚,2019,,,,,,,,,,33,44.89,44.22,34.67
金柑,2019,41.27,49.75,51.67,,,,,,,,,33,39.13
李,2019,,,,,,,,,,,,,
李,2019,,,,,70,62.50,,,,,,,
鶯歌桃,2019,,,,,,,,,,,,,
甜桃,2019,,,,55.50,61.67,,,,,,,,
水蜜桃,2019,,,,,,,155.90,155.90,180,,,,
牛心柿,2019,,,,,,,,,,,26,,
甜柿,2019,,,,,,,,,,,113.84,116.83,142.78
紅柿,2019,,,,,,,,,25,28.83,27.59,,
青梅,2019,,,,51.47,60,,,,,,,,
青梅,2019,,,,31,29.34,,,,,,,,
橫山梨,2019,,,,,,,50,50,50,20,,,
新世紀梨,2019,,,,,,,,,,45,45,,
豐水梨,2019,,,,,,78.48,66.28,66.28,105,,,,
幸水梨,2019,,,,,,,,,,,,,
新興梨,2019,,,,,,61,45.83,45.83,48.63,52.86,,,
五爪蘋果,2019,,,,,,,,,,,,,
金冠蘋果,2019,,,,,,,,,,,,,
富士蘋果,2019,,,,,,,,,,,,,
巨峰葡萄,2019,59.48,72.50,85,107.67,96.50,74.55,55.61,55.61,69.11,105.67,78.33,78,82.55
落花生,2019,52.77,56.92,51.89,51.89,51.68,50.39,53.88,53.88,55.39,55.25,56.50,70.67,66.30
花生仁,2019,95.35,,,,93.33,91.57,,,,,,,
紅豆,2019,61.33,60,,,,,,,,,,,70.33
綠豆,2019,80,80,80,80,100.67,104,100,100,100,100,100,100,
花豆,2019,,,,,,,,,,,,,
大豆,2019,,,,,67,61.20,52.77,52.77,,,,62,70.67
甘藷,2019,12.91,12.43,11.05,10.40,9.72,11.71,16.06,16.06,19.70,19.25,21.82,20.22,16.01
烏龍茶菁,2019,,,220,260.58,265.48,233.61,133,133,133,168.60,186.44,237.52,
烏龍茶菁,2019,,,,88.50,80.17,39,34,34,36.50,37.25,79.42,75.83,
金萱茶菁,2019,,,129.17,147,157.50,128.61,83,83,83,101,114.86,144.67,
金萱茶菁,2019,,,48,54.56,52.40,31.83,31,31,30.30,26.50,51.11,49.56,
蓮子,2019,,,,,580,582,558,558,540.50,516.67,510,,
荖花,2019,,,,,,,,,,,,,
咖啡,2019,105,105,105,100,100,,,,,,120,110,102.22
紅甘蔗,2019,10.64,10.65,11.51,11.50,9.75,9.73,9.72,9.72,9.65,9.09,10.69,10.57,10.72
芝麻,2019,229.57,218.25,184,184,202,207.78,200,200,200,200,200,200,218.67
文心蘭,2019,5.54,7.47,8.67,11.34,10.62,9.04,7.81,7.81,6.73,4.20,5.32,5.98,7.35
菊花,2019,4,6.67,5.48,8.26,5.95,6.65,6.68,6.68,7.68,8,7.69,8.95,7.20
菊,2019,2.46,5.39,4.77,7.70,6.67,7.67,5.67,5.67,5.83,8.13,7,5.47,4.31
玫瑰,2019,5.04,7.08,5.76,4.32,5.08,5.98,4.34,4.34,5.94,4.66,5.37,5.60,5.32
火鶴,2019,10.15,11.83,10.61,11.27,7.85,8.57,10.17,10.17,10.87,9.94,10.74,10.31,11.47
非洲菊,2019,2.08,2.14,2.20,3.41,2.54,4.46,4.73,4.73,3.34,5.90,4.83,2.96,2.79
滿天星,2019,38.67,52,34.83,42.67,64.23,81.83,37.67,37.67,46.67,56.33,61.83,40.17,52.50
卡斯比亞,2019,43.33,,,,,,,,,,,,
香石竹,2019,,,,,,,,,,,,,
香石竹,2019,3.17,3.50,3,3.56,4.61,3.47,4.50,4.50,3.42,3.18,5.58,3.72,4.08
天堂鳥,2019,10.67,11.50,10.33,11.67,9.67,7.60,6.33,6.33,7.67,9.67,13,11.33,12.67
夜來香,2019,4,4.25,4.33,7,3.17,3.17,4.17,4.17,5.83,7.33,7.33,6.83,4.83
唐菖蒲,2019,3.05,4.60,3.24,5.55,4.98,4.24,4.12,4.12,4.80,4.50,5.85,4.44,3.38
葵百合,2019,,,,,,,,,,,,,
姬百合,2019,,,,,,,,,,,,,
香水百合,2019,,,,,,,,,,,,,
香水百合,2019,,,,,,,,,,,,,
香水百合,2019,17.01,27.94,25.58,33.33,37.56,29.27,26.58,26.58,28.40,30.77,38.59,26.30,22.72
大理花,2019,,,,,,,,,,,,,
聖誕紅,2019,,,,,,,,,,,,76.67,75
蘿蔔,2018,8.10,7.44,5.68,6.5,7.08,9.43,,,,16,7.63,4.68,4.98
白玉蘿蔔,2018,,,,,,,,,,,,,
胡蘿蔔,2018,6.40,7.63,7.76,9.17,11.03,10.92,12,12,13.43,14.5,16.5,12.93,11.75
山藥,2018,41,40,34,30.67,29,,,,,46.67,46,39.33,25.67
牛蒡,2018,,,25,28.83,,,,,,,,,
生薑,2018,,,,,72.33,64.33,59.83,59.83,53.5,51,49.33,,
生薑,2018,33.05,31.83,30.28,38.42,51.54,46.67,56.67,56.67,58.33,55,52,41.33,35
芋頭,2018,27.35,29.90,32.67,40,42.67,42.67,39.67,39.67,39.18,34.36,37.79,36.18,33.37
綠竹筍,2018,,,,135.47,123.47,89.14,90.53,90.53,69.72,69.85,82.03,,
烏殼綠竹筍,2018,,,,,,,,,,,,,
麻竹筍,2018,20,25,30,29.17,30.83,31.39,25.33,25.33,23.92,21.61,27.33,33.33,43.33
桂竹筍,2018,,,,,30.22,,,,,,,,
轎篙筍,2018,,,,,33,33,,,,,,,
白蘆筍,2018,,,,135,108,99.5,103.33,103.33,115.17,103,99.17,79,
綠蘆筍,2018,258.33,171.50,129.25,109.92,103.13,114.8,125.53,125.53,142.8,145.44,152.67,168.33,190
茭白筍,2018,,80,75.33,58.33,52,60,56.67,56.67,52.67,64,56.67,42.67,
大芥菜,2018,11.89,9.88,,,,,,,,,,,
馬鈴薯,2018,21.05,21.28,20.54,21.8,21.5,22.5,22.9,22.9,23.53,24.5,23.67,23.17,21.92
加工麻竹筍,2018,,,,,,29.74,20.21,20.21,13.79,13.02,,,
青蔥,2018,32.59,34.68,24.25,24.78,29.53,37.98,39.7,39.7,30.52,38.91,39.96,26.72,20.86
青蔥,2018,,,,,,,,,,,,,
蔥頭,2018,,,,,,,,,,,,,
洋蔥,2018,15.42,9.75,9.9,8.05,,,,,,,,,14.5
洋蔥,2018,,,,,,,,,,,,,
青蒜,2018,51.21,35.20,28.95,34.48,,,,,,,,,54
蒜頭,2018,,,65.35,48.79,49.92,51.11,52.7,52.7,53.76,56.89,57.03,55.11,51.11
荸薺,2018,,,,,,,,,,,,,
韭菜,2018,33.78,44.17,25.56,18.22,15.22,17.78,24.78,24.78,24.22,40.33,43.37,27.73,24.13
韭黃,2018,,,,,,,,,,,,,
蕹菜,2018,45.98,53.92,30.9,20.38,14.24,25.35,24.11,24.11,25.55,39.03,21.22,27.71,35.52
芹菜,2018,28.65,39.67,22.22,25.28,28.67,,,,,,,,
甘藍,2018,12.94,13.29,5.5,4.95,6.26,9.86,12.99,12.99,20.23,29.01,28.76,7.79,4.61
甘藍芽,2018,,,,,,,,,,,,,
小白菜,2018,16.52,15.75,11.87,12.95,18.54,26.06,28.5,28.5,19.93,44.05,15.31,17.44,20.57
青江白菜,2018,23.60,18.64,9.33,12.8,11.13,17.28,24.53,24.53,17.4,41.72,10.7,16.11,18.33
結球白菜,2018,10.08,11.04,7.62,8.07,7.64,10.22,14.04,14.04,14.67,19.72,14.21,8.12,7.36
結球白菜,2018,,,,,,,,,,,,,
菠菜,2018,23.09,17.35,12.34,18.23,,47.97,48.5,48.5,61.03,62.43,53.92,29.84,23.53
芥藍,2018,,,,,,,,,,,,,
莧菜,2018,45.57,,26.39,20.93,13.20,21.23,20.3,20.3,22.21,37.21,21.13,19.13,30.93
本島萵苣,2018,23.51,18.34,11.67,16.78,12.63,,,,,,,,
萵苣,2018,12.67,9.67,6.33,8.46,8.67,,,,,,,,
茼萵,2018,28.89,28.83,16.83,22,,,,,,21,38.33,43,18.17
花椰菜,2018,26.18,22.11,18.44,17.39,23.24,32.72,52.68,52.68,56.64,53.99,48.23,24.71,24.81
青花苔,2018,29.17,22.29,15.54,20.15,,,,,,,,,
金針菜,2018,600.83,600,600,660,570,563.33,570,570,624,634.33,616.56,627.33,627.33
越瓜,2018,,,,,,,,,,,,,
胡瓜,2018,24.34,30,26.05,10.12,8.24,11.3,17.82,17.82,18.42,23.29,19.33,10.73,14.2
胡瓜,2018,,,,,,,,,,,,,
花胡瓜,2018,33.44,44,36.72,16.89,14.48,23,35.63,35.63,26.05,35.61,22.89,26,27.45
冬瓜,2018,10.50,15,24.88,18.02,8.15,6,7.33,7.33,9,12.97,11.68,10.22,9.67
苦瓜,2018,48.22,51.85,55.75,29.22,22.32,17.74,25.96,25.96,24.86,51.3,47.62,30.95,20
絲瓜,2018,,,,,,,,,,,,,
絲瓜,2018,25.25,23.40,32.88,19.34,15.16,14.42,21.7,21.7,20.54,27.32,16.72,15.17,17.56
扁蒲,2018,16.44,19.39,21.76,9.89,7.02,,,,,,13.5,8,
茄子,2018,16.49,13.02,14.78,16.45,18.91,22.92,31.51,31.51,23.1,41.2,30.55,23.41,20.79
番茄,2018,20.14,18.13,17.27,19.25,18.67,26.33,20.5,20.5,23.67,35.7,70.83,41.44,14.48
小蕃茄,2018,33.11,35.33,30.39,32.50,29.83,25.67,40,40,56.67,87,,72.22,30.78
甜椒,2018,22.99,22.50,19.86,17.22,11.83,30.28,45.77,45.77,20.58,43.57,38.81,24.15,12.39
西瓜,2018,,,,14.11,11.53,11.34,16,16,,,,,
西瓜,2018,,,32,10.89,9.17,12.07,14.68,14.68,10.89,8.22,22.25,,
西瓜,2018,,,,,,,,,,,,,
洋香瓜,2018,44.25,39.90,44.46,31.87,22.75,26.77,36.45,36.45,28.17,43.5,41.78,27.53,25.67
洋香瓜,2018,,,,,,,,,,,,,
洋香瓜,2018,,,,,,,,,,,,,
洋香瓜,2018,,,,,,,,,,,,,
香瓜,2018,,,40,47.22,24.79,29.53,28.14,28.14,33.95,28.47,30.83,31.33,
敏豆,2018,67.87,86.67,60.89,35.58,50.18,66.4,75.99,75.99,90.85,107.47,92.21,46.71,43.83
豇豆,2018,38.11,70.17,54.89,26.08,21.25,26.17,37.08,37.08,39.13,49.07,47.33,33.75,35.67
豌豆,2018,63.03,82.30,60.89,36.67,,,,,,,,91,63.74
甜豌豆,2018,50.83,66.25,39.67,41,,,,,,,,,
毛豆,2018,19.20,14.70,14.7,15,13,,,,,,,,14.7
菜豆,2018,,,,,,,,,,,,,
辣椒,2018,58.17,40.59,49.17,47.40,25.05,32.09,41.98,41.98,45.13,89.6,84.56,54.1,32.9
玉米筍,2018,,,,,,,,,,,,,
甜玉米,2018,29.74,19.95,17.61,12.78,9.61,10.29,16.51,16.51,25.14,26.51,27.02,19.66,11.79
蓮藕,2018,39.33,,,,,,,,30,33.67,39.83,160,160
草莓,2018,192.33,197.67,130.55,103.33,,,,,,,,,180.01
洋菇,2018,96.11,95.84,94.45,140,140,,,,,97.5,122.33,109.56,110.39
香菇,2018,1516.67,1575,1541.67,1529.17,1525,1520.83,1520.83,1520.83,1537.5,1536.67,1525.83,1514.17,1504.17
香菇,2018,106.67,105.33,103.67,105.33,105.33,105.33,105.33,105.33,105.33,106.22,105.56,107.78,108.33
木耳,2018,69.17,67.75,63.17,65.67,59,46,58.32,58.32,63.88,72.22,75,74.56,60.77
鮑魚菇,2018,,,,,,,,,,,,,
杏鮑菇,2018,,,,,,56.89,59.78,59.78,65.33,73.56,75.22,77,74.67
菱角,2018,,,,,,,,,,,,,
葡萄柚,2018,20,22.50,21.67,15.67,,,,,,52.5,23.33,13.25,12.11
芒果,2018,,,,79.72,67.89,48.45,,,,,,,
芒果,2018,,,,,,52.85,46.38,46.38,,,,,
芒果,2018,,,,,,29.74,25.14,25.14,42.28,,,,
番石榴,2018,,,,,,,,,,,,,
番石榴,2018,,,,,,,,,,,,,
番石榴,2018,25.11,19.80,24.17,37.68,25.36,19.29,14.07,14.07,15.08,22.19,38.63,42.05,38.36
番石榴,2018,,,,,,,,,,,,,
蓮霧,2018,53.15,62.47,57.65,55.15,51.23,42.22,,,,,,82.5,69.85
枇杷,2018,,185.34,156.58,135.67,,,,,,,,,
荔枝,2018,,,,,30,43.44,45,45,,,,,
荔枝,2018,,,,,,,,,,,,,
荔枝,2018,,,,,93.71,83.18,,,,,,,
龍眼,2018,,,,,,,55.92,55.92,30.95,33.13,,,
棗子,2018,47.39,54.30,50.78,,,,,,,,,,71.38
番荔枝,2018,80.39,108.50,97.67,,,,113.33,113.33,63.58,79.37,92.36,92.09,81
鳳梨釋迦,2018,83.82,97.13,86.97,,,,,,,,,93.33,88.77
楊桃,2018,23.02,20.30,19.33,30.7,,,,,20,22.5,21.67,20.67,
楊桃,2018,,,,,,,,,,,,,
酪梨,2018,,,,,,88.1,54.78,54.78,58.89,71.67,78.83,76,83.33
椰子,2018,7.83,8.39,8.36,7.49,8.17,8.33,13.44,13.44,14.61,14.33,12,10.25,9.58
檳榔,2018,1.17,8.39,1.8,2.08,3.36,3.78,2.53,2.53,1.42,1.18,1.05,0.78,0.75
彌猴桃,2018,,,,,,,,,,,,,
木瓜,2018,27.46,21.76,30.66,38.12,20.59,11.09,24.44,24.44,33.22,29.32,42.12,32.16,22.53
百香果,2018,,,,,,74.53,56.44,56.44,61.59,42.34,38.56,33.84,24.77
香蕉,2018,29.04,29.89,22.59,13.09,9.52,9.71,18.16,18.16,18.56,23.24,21.28,28.25,24.06
香蕉,2018,,,,,,,,,,,,,
鳳梨,2018,,,,,,15,13.57,13.57,17,18,18,18,
鳳梨,2018,20.95,20.50,25.77,27.12,17.57,13.71,16.15,16.15,22,21.07,25,25,21
鳯梨,2018,,,,,,,,,,,,,
鳳梨,2018,,,,,,,,,,,,,
紅龍果,2018,,,,,61.50,36.21,26.07,26.07,29.44,29.1,28.34,38.23,
椪柑,2018,29.36,26.59,,,,,,,,,27.72,22.88,25.51
桶柑,2018,29.19,21.44,22.67,,,,,,,,,,
文旦,2018,,,,,,,,,25,42.69,,,
柳橙,2018,20.56,19.66,21.07,,,,,,,,21.53,17.71,16.64
檸檬,2018,36.25,59.55,48.14,28.52,24.76,24.34,19.01,19.01,15.73,15.65,17.9,34.74,45.88
檸檬,2018,,,,,,,,,,,,,
海梨柑,2018,17.67,11.09,,,,,,,,,,,
茂谷柑,2018,29.97,29.45,33.83,22.5,,,,,,,,,
白柚,2018,,,,,,,,,,,27.92,28,34.67
金柑,2018,34.57,42,53.33,,,,,,,,,,34.33
李,2018,,,,,,,,,,,,,
李,2018,,,,,52.50,43.33,,,,,,,
鶯歌桃,2018,,,,,,44.75,,,,,,,
甜桃,2018,,,,69,49.17,,,,,,,,
水蜜桃,2018,,,,,,,85.72,85.72,72.92,,,,
牛心柿,2018,,,,,,,,,,15.85,16.2,13.28,
甜柿,2018,,,,,,,,,,,91.67,76.58,68.5
紅柿,2018,,,,,,,,,25.33,27.67,16.67,19,
青梅,2018,,,52.5,49.86,40,,,,,,,,
青梅,2018,,,,24.04,17.38,,,,,,,,
橫山梨,2018,,,,,,,30,30,35,22.5,,,
新世紀梨,2018,,,,,,,,,47.8,38.33,34.7,,
豐水梨,2018,,,,,,60.39,77.03,77.03,217,,,,
幸水梨,2018,,,,,,,,,,,,,
新興梨,2018,,,,,,,40.94,40.94,39.75,41.25,,,
五爪蘋果,2018,,,,,,,,,,,,,
金冠蘋果,2018,,,,,,,,,,,,,
富士蘋果,2018,,,,,,,,,,,,,
巨峰葡萄,2018,65.25,57.50,76.67,88.33,95,65,50.35,50.35,58.58,52.13,55.42,57.29,54.29
落花生,2018,55.83,56.67,51.72,52.08,52.08,52.21,52.94,52.94,56.18,54.37,49.7,54.66,54.37
花生仁,2018,98.36,,,,98,97.02,,,,,,,
紅豆,2018,65.29,67.84,,,,,,,,,,,59.99
綠豆,2018,81.75,80.50,80,80,80.17,88.17,89.33,89.33,92,93.33,94.33,93,
花豆,2018,,,,,,,,,,,,,
甘藷,2018,12.94,13.90,12.89,13.09,9.99,9.37,8.57,8.57,14.11,16.14,15.41,17.66,14.63
烏龍茶菁,2018,,,210,259.06,269.57,243.73,266,266,188.67,166.67,183.95,226.56,
烏龍茶菁,2018,,,,87.5,78.17,47.67,47.33,47.33,45.33,45,54.83,76.33,
金萱茶菁,2018,,,124.44,151.58,152.36,130.17,116,116,94,97.67,116.11,131.72,
金萱茶菁,2018,,,48.3,54,42.83,34.17,35.17,35.17,36.17,34.67,40.06,51.89,
蓮子,2018,,,,,580,583,569.83,569.83,563.17,547.17,523.33,,
荖花,2018,,,,,,,,,,,,,
咖啡,2018,110,110,110,110,150,,,,,,113.33,105,105
蜂蜜,2018,,,,,,,,,,,,,
紅甘蔗,2018,10.94,10.92,11.88,11.89,10.05,9.73,9.72,9.72,9.75,9.17,10.83,10.66,10.61
芝麻,2018,227.92,229.50,220,220,224.33,231.06,200,200,200,200,200,200,230.42
紅茶,2018,,,,,,,,,,,,,
綠茶,2018,,,,,,,,,,,,,
文心蘭,2018,8.82,13.50,10.59,9.99,8.05,6.8,9.02,9.02,9.56,5.19,4.98,4.31,4.41
菊花,2018,4.82,6.47,6.22,4.59,3.40,5.75,9.07,9.07,7.17,6.24,8.45,7.43,4.22
菊,2018,3.63,4.92,4.3,3.18,3,4,5.33,5.33,5.67,4.27,5.37,4.75,3.4
玫瑰,2018,7.03,7.07,6.37,3.17,4.20,5.87,4,4,5.83,5.42,7.83,5.63,5.99
火鶴,2018,12,13.13,11.5,9.92,8.07,9.1,9,9,10.2,8.87,10.33,9.67,8.94
非洲菊,2018,3.32,3.75,2.28,2.55,2.51,2.68,3.79,3.79,5.58,3.8,6.5,3.19,2.05
滿天星,2018,41.17,51.50,35.33,33,43.67,72,45.5,45.5,52.83,48.83,76.5,37,31.17
卡斯比亞,2018,97.33,,,,,,,,,,,,
香石竹,2018,,,,,,,,,,,,,
香石竹,2018,3.53,4.84,2.78,2.43,2.23,2.55,2.41,2.41,5.05,4.52,4.52,3.45,2.47
天堂鳥,2018,11.33,10.50,8.17,6.67,7.67,9.17,8,8,7,7,11,9,8.67
夜來香,2018,3.50,7,5.33,5.33,4.67,3.5,8.17,8.17,4.83,7.67,7,6.83,4.67
唐菖蒲,2018,3.86,3.86,2.35,2.84,4.53,4.54,4.06,4.06,4.65,5.61,4.85,4.63,2.9
葵百合,2018,,,,,,24.1,23.78,23.78,,,,,
姬百合,2018,,,,,,,,,,,,,
香水百合,2018,19.34,26.67,15,17.11,22.33,28.66,23.33,23.33,30.94,27.33,39.91,25,19
香水百合,2018,24.67,25,15.5,15.83,23.33,28.67,24.67,24.67,30.35,31,39.5,20,16
大理花,2018,,,,,,,,,,,,,
聖誕紅,2018,,,,,,,,,,,,76.67,74.17
蘿蔔,2017,5.59,5.96,6.85,8,9.18,8.92,,,6.20,5.82,8.32,13.3,14.89
白玉蘿蔔,2017,,,,,,,,,13,12.83,,,
胡蘿蔔,2017,16.95,8.03,7.04,6.67,9.33,12.67,13.33,13.33,,,11.67,7.50,9.33
山藥,2017,36.75,35,38.67,40,,,,,,54.33,46,42.50,44.17
牛蒡,2017,,,22.5,22.67,,,,,,,,,
生薑,2017,,,,,53.83,41.5,39.83,39.83,42,40.50,38.17,,
生薑,2017,25.56,29.22,33.1,34.89,36.03,46.67,40,40,50,39.33,35,38,31.67
芋頭,2017,36.71,39.49,40.5,40,41,35.67,30.33,30.33,30.68,32.32,32.42,29.91,29.28
綠竹筍,2017,,,,139.17,143.47,91.11,100.55,100.55,85.53,77.07,85.25,,
烏殼綠竹筍,2017,,,,,,,,,,,,,
麻竹筍,2017,25,35,40,40.83,40,40,17.58,17.58,29.58,29.58,28.17,29.17,16.67
桂竹筍,2017,,,,39.02,23.78,,,,,,,,
轎篙筍,2017,,,,,31.67,37.75,,,,,,,
白蘆筍,2017,,,,170,113,101.83,121.33,121.33,136.33,137,113.67,102,
綠蘆筍,2017,,150,127.19,130,113.67,115.67,143.33,143.33,150,166.92,181.67,181.67,263.33
茭白筍,2017,,86,68,57.33,52,71.67,80.67,80.67,73.33,50,61,51.67,
大芥菜,2017,6.12,6.83,,,,,,,,,,,
馬鈴薯,2017,19.33,16.96,18.39,20.87,21.5,23,23.83,23.83,23.83,23.67,19,17.33,18.67
加工麻竹筍,2017,,,,,,29.55,17.58,17.58,15.02,14.42,,,
青蔥,2017,33.16,30.11,21.76,17.32,15.91,27.08,52.96,52.96,96.30,114.65,85.10,67.78,42.80
青蔥,2017,,,,,,,,,,,,,
蔥頭,2017,,,,,,,,,,,,,
洋蔥,2017,13.25,12.25,15.2,15.75,19,20.33,20.38,20.38,,,,,17.67
洋蔥,2017,,,,,,,,,,,,94.66,
青蒜,2017,91.05,75.01,57.18,81.33,,,,,,,,,109.67
蒜頭,2017,,169,102.55,104.42,106.81,96.61,93.03,93.03,99.16,99.41,97.50,51.22,87.43
荸薺,2017,,,,,,,,,,,,,
韭菜,2017,31.34,37.67,36,20,14.61,29.44,29.22,29.22,30.67,46.67,59.34,,34.11
韭黃,2017,,,,,,,,,,,,,
蕹菜,2017,32.39,36.13,27.72,19.26,20.03,44.57,22.46,22.46,23.07,21.67,32.90,35.68,51.71
芹菜,2017,13.84,17.69,14.65,29.8,27,,,,,,,,
甘藍,2017,4.61,4.32,3.67,4.77,6.69,20.81,24.64,24.64,27.33,17.24,15.34,18.76,19.34
甘藍芽,2017,,,,,,,,,,,,,
小白菜,2017,8.75,18.75,11.58,10.25,15.45,41.34,20.51,20.51,26.25,19.17,21.74,22.68,19.95
青江白菜,2017,10.3,22.3,12.27,12.53,14.58,44.83,20.55,20.55,24.67,17,27.93,22.03,16.38
結球白菜,2017,5.27,6.57,7.17,5.87,9.59,17.46,17.31,17.31,19.64,19.22,15.14,15.09,17.15
結球白菜,2017,,,,,,,,,,,,,
菠菜,2017,12.32,13.06,11.84,16.81,,51.1,69.8,69.8,87.93,74.13,58.83,49.19,34.27
芥藍,2017,,,,,,,,,,,,,
莧菜,2017,19.45,,29.35,19.2,19.4,34.58,22.89,22.89,28.54,22.11,26.59,31.61,40.33
本島萵苣,2017,12.64,14.55,10.51,13.38,18.72,,,,,,,,
萵苣,2017,6.25,6.23,6.31,6.5,11.5,,,,,,,,
茼萵,2017,18.25,20.67,31.83,28,,,,,,21.67,35.67,61.33,35.33
花椰菜,2017,17.05,18.11,17.93,22.53,27.3,36.31,49.33,49.33,45.22,42.89,39.53,33.38,34.22
青花苔,2017,17.41,20.24,20.32,29.94,,,,,,,,,
金針菜,2017,605,600.83,625,675.83,626.67,661.67,673.33,673.33,693.89,664.44,641.11,637.28,600
越瓜,2017,,,,,,,,,,,,,
胡瓜,2017,7.23,19.12,19.86,17.46,14.61,23.35,17.95,17.95,,,19.65,21.16,28.72
胡瓜,2017,,,,,,,,,,,,,
花胡瓜,2017,17.39,23.72,24.94,26.1,22.34,32.42,25.08,25.08,25.57,29.56,42.48,30.07,36.22
冬瓜,2017,9.5,8.33,8.62,7.65,6.2,6.67,11.67,11.67,16,11.60,8.17,7.75,8
苦瓜,2017,28.17,30.1,39.19,28.46,24.53,30.01,30.59,30.59,38.47,42.32,46.48,49.26,36.64
絲瓜,2017,,,,,,,,,,,,,
絲瓜,2017,15.58,13.74,15.02,17.24,15.71,29.39,18.13,18.13,19.32,18.33,18.25,20.84,25.50
扁蒲,2017,4.35,6.73,9.29,8.08,7.2,,,,,,17.80,11,14.75
茄子,2017,33.6,20.17,21.95,15.02,14.79,25.94,21.5,21.5,31.11,26.11,28.69,26.92,16.88
番茄,2017,29.68,13.41,11.93,11.4,18.67,40.33,54.5,54.5,35.85,48.07,38.98,47.88,41.84
小蕃茄,2017,55.5,34.67,31.44,27.17,27,41.67,83,83,85,71,71,86.11,61.61
甜椒,2017,18,8.92,8.64,11.81,14.77,37.24,57.11,57.11,34.58,35.36,45.68,46.14,31.10
西瓜,2017,,,15,13.55,14.43,12.25,15.58,15.58,,,,,
西瓜,2017,,,10.83,10.75,10.83,9.36,16.12,16.12,,,11.75,,
西瓜,2017,,,,,,,,,,,,,
洋香瓜,2017,39.82,39.7,41.26,39.17,35.06,27.53,35.89,35.89,22.33,23.78,27.39,31.12,31.17
洋香瓜,2017,,,,,,,,,,,,,
洋香瓜,2017,,,,,,,,,,,,,
洋香瓜,2017,,,,,,,,,,,,,
香瓜,2017,,,52.67,39.89,22.98,26.17,28.28,28.28,26.75,34.58,30.11,27.50,
敏豆,2017,27.5,37.17,51.33,62.17,63.22,86.37,85.58,85.58,71.12,72.69,76.22,62.75,66.66
豇豆,2017,24,27.66,38.06,37.75,28.97,32.33,30.42,30.42,42.07,42.33,43.50,49.17,53.56
豌豆,2017,45.22,48.96,75.07,71,,,,,,,,138.50,108.82
甜豌豆,2017,36.75,35,44.33,67,,,,,,,,,
毛豆,2017,28.35,14.7,14.25,14.25,14.17,,,,,,,,
菜豆,2017,,,,,,,,,,,,,
辣椒,2017,90,47.02,31.89,26.25,22.59,17.53,48.08,48.08,85.63,103.12,84.41,102.91,103.96
玉米筍,2017,,,,,,,,,,,,,
甜玉米,2017,12.26,13.85,21.97,17.77,11.3,12.11,18,18,21.35,17.11,17.62,28.22,23.86
蓮藕,2017,35.3,,,,,,,,39.33,34.67,22.50,35.33,42.33
草莓,2017,132.5,296.11,183.89,116.44,,,,,,,,,190.83
洋菇,2017,81.67,76.89,86,98.83,106.83,108,87.67,87.67,95,98.33,112.50,122.78,117.25
香菇,2017,1527.5,1535,1497.5,1474.17,1466.67,1477.5,1475,1475,1456.67,1475,1482.50,1498.33,1500
香菇,2017,103.33,103.89,101.67,103.22,102.67,103.33,105.56,105.56,106.67,110,113.33,111.11,108.89
木耳,2017,70,72,68.67,58.67,51.33,59,66.67,66.67,59.67,66,62.83,66.17,68.67
鮑魚菇,2017,,,,,,,,,,,,,
杏鮑菇,2017,,,,,,72.11,73,73,72.22,76,77.33,81.89,83.11
菱角,2017,,,,,,,,,,,,,
葡萄柚,2017,25,25,25,,,,,,,20,17.44,19.94,17
芒果,2017,,,,85.66,64.59,45.71,,,,,,,
芒果,2017,,,,,,62.68,47.7,47.7,,,,,
芒果,2017,,,,,,37.8,28.97,28.97,36.75,,,,
番石榴,2017,,,,,,,,,,,,,
番石榴,2017,,,,,,,,,,,,,
番石榴,2017,66.93,63.08,47.97,14.74,16.46,24.33,19.26,19.26,23.19,32.28,28.88,37.03,26.01
番石榴,2017,,,,,,,,,,,,,
蓮霧,2017,80.25,106.17,69.39,48.76,44.69,34.08,14.4,14.4,,,,62.92,72.63
枇杷,2017,,79,147.72,137.97,,,,,,,,,
荔枝,2017,,,,,,46.81,50,50,,,,,
荔枝,2017,,,,,,,,,,,,,
荔枝,2017,,,,,254.49,102.57,,,,,,,
龍眼,2017,,,,,,,102.5,102.5,52.77,44.49,,,
棗子,2017,73.85,76.78,68.3,,,,,,,,,,66.59
番荔枝,2017,93.83,118.05,151.67,,,,125,125,62.61,70.93,80.97,91.64,77.50
鳳梨釋迦,2017,125.75,119.71,132.1,,,,,,,,,105.50,94.86
楊桃,2017,45,25.75,22.5,32.67,,,,,36.93,32.69,27,26.83,30.67
楊桃,2017,,,,,,,,,,,,,
酪梨,2017,,,,,,86.33,63.72,63.72,36.93,32.69,90.17,85.67,85.33
椰子,2017,6.42,6.4,6.61,6.53,7.89,8.89,9,9,36.93,32.69,9.58,8.75,7.75
檳榔,2017,1.63,3.35,5.12,6.27,6.84,3.18,1.64,1.64,36.93,32.69,1.04,0.81,0.79
彌猴桃,2017,,,,,,,,,,,,,
木瓜,2017,68.28,38.16,41.13,50.97,42.89,26.08,30.61,30.61,27.56,27.89,21.57,33.70,39.92
百香果,2017,,,,,,94.65,84.98,84.98,82.03,73.41,47.80,58.88,44.67
香蕉,2017,83.08,86.46,61.54,61.19,36.19,17.42,9.25,9.25,10.05,8.41,7.34,14.73,19.71
香蕉,2017,,,,,,,,,,,,,
鳳梨,2017,,,,,,19.34,18.4,18.4,20.69,20,,,
鳳梨,2017,24.68,27.42,23.64,24.68,26.46,21.74,21.81,21.81,27.20,25.33,20.10,18.47,21.07
鳯梨,2017,,,,,,,,,,,,,
鳳梨,2017,,,,,,,,,,,,,
紅龍果,2017,,,,,100,46.34,36.43,36.43,36.93,32.69,28.43,54.88,
椪柑,2017,36.38,37,,,,,,,,,35.02,27.86,21.12
桶柑,2017,33.53,31.14,31.5,,,,,,,,,,
文旦,2017,,,,,,,,,31.50,53.80,,,
柳橙,2017,27.47,33.64,34.79,,,,,,,,24,23.06,21.93
檸檬,2017,70.17,71.95,43.83,63.71,54.79,21.78,18.53,18.53,19.02,19.84,27.31,41.12,42.05
檸檬,2017,,,,,,,,,,,,,
海梨柑,2017,21.5,21.67,,,,,,,,,,,
茂谷柑,2017,51.67,43.8,43.83,40,,,,,,,,26.20,
白柚,2017,,,,,,,,,,30,28.83,,35
金柑,2017,44,55.5,74.53,,,,,,,,,,37.67
李,2017,,,,,,,,,,,,,
李,2017,,,,,40,69,,,,,,,
鶯歌桃,2017,,,,,,40,,,,,,,
甜桃,2017,,,,60,66.61,,,,,,,,
水蜜桃,2017,,,,,,,73.33,73.33,86.97,,,,
牛心柿,2017,,,,,,,,,,,23.50,24.50,
甜柿,2017,,,,,,,,,,,89.75,88.03,80.44
紅柿,2017,,,,,,,,,27.17,24,15.93,18,
青梅,2017,,,,58.33,50,,,,,,,,
青梅,2017,,,,33.72,33.5,,,,,,,,
橫山梨,2017,,,,,,,40,40,40,,,,
新世紀梨,2017,,,,,,,,,,53.33,57.50,,
豐水梨,2017,,,,,,72.08,69.67,69.67,130,,,,
幸水梨,2017,,,,,,,,,,,,,
新興梨,2017,,,,,,58,53.26,53.26,56.70,56.92,,,
五爪蘋果,2017,,,,,,,,,,,,,
金冠蘋果,2017,,,,,,,,,,,,,
富士蘋果,2017,,,,,,,,,,,,,
巨峰葡萄,2017,72,81.67,88.33,75,81.67,75.28,64.12,64.12,64.98,61.73,74.55,60.15,61.16
落花生,2017,72.14,70.59,70,70,71.36,80.19,84.89,84.89,79.43,79,76.34,62.97,52.88
花生仁,2017,111.32,,,,162.25,148.25,,,,,,,
紅豆,2017,86.1,83.04,,,,,,,,,,,66.38
綠豆,2017,80.25,80.33,80.17,80.17,83.58,93,89.33,89.33,95,99,99.67,92.67,
花豆,2017,,,,,,,,,,,,,
甘藷,2017,14,10.86,12.15,16.46,15.55,12.75,16.59,16.59,22.42,22.58,20.78,19.54,17.11
烏龍茶菁,2017,,,150,262.33,270.28,216.67,130,130,130,167.67,185.82,230.63,
烏龍茶菁,2017,,,,85.33,74.67,65.17,50.5,50.5,24.40,30.67,55.77,82,
金萱茶菁,2017,,,115,155.65,161.47,125.83,72,72,72,98.89,125.17,142,
金萱茶菁,2017,,,,49.67,49.45,48,40.44,40.44,25.20,28.33,43.23,51.85,
蓮子,2017,,,,,583,583,571.5,571.5,568.67,552.17,550,,
荖花,2017,,,,,,,,,,,,,
蜂蜜,2017,,,,,,,,,,,,,
紅甘蔗,2017,11.17,11.1,11.89,11.89,10.23,10.27,10.23,10.23,10.27,9.51,11.02,10.87,10.93
芝麻,2017,239.4,296.67,294.33,300,266.65,266.27,265,265,265,265,260,225,237.07
紅茶,2017,,,,,,,,,,,,,
綠茶,2017,,,,,,,,,,,,,
文心蘭,2017,6.9,7.48,8.2,9.02,7.7,4.84,6.61,6.61,6.46,4.65,3.47,5.88,7.70
菊花,2017,7.04,8.53,7.07,6.95,6.03,6.67,9.67,9.67,8.67,8.74,7.63,5.28,5.96
菊,2017,4.95,4.03,3,3.68,4.33,5.67,8.67,8.67,7.83,8.69,6.73,4.67,4.09
玫瑰,2017,5.4,6.56,5.84,3.69,5.03,4.77,4.08,4.08,5.34,5.27,6.27,5.28,6.62
火鶴,2017,11.25,12.25,10.25,8.99,7.21,8.71,10.58,10.58,9.87,9.38,10.16,10.98,11.33
非洲菊,2017,4.65,3.59,2.51,2.59,2.58,4.73,7.08,7.08,4.14,6.32,6.86,6.86,5.13
滿天星,2017,49,54.67,48.33,52.33,93.17,96.5,108.5,108.5,72.33,54.67,76.50,82.67,61.50
卡斯比亞,2017,60,,,,,,,,,,,,
香石竹,2017,,,,,,,,,,,,,
香石竹,2017,3.84,4.4,3.04,3.16,3.92,3.38,4.39,4.39,3.92,5.02,4.56,4.30,3.84
天堂鳥,2017,11,12.67,9.33,9.33,7.33,7.67,9.33,9.33,5.67,8,9,11,11.33
夜來香,2017,3.75,6.17,3.58,2.83,2,3.5,3.83,3.83,4,5.50,4.83,3.67,3.83
唐菖蒲,2017,2.28,5.52,3.2,4.28,2.77,3.42,4.82,4.82,5.43,5.49,3.53,3.67,2.57
葵百合,2017,,,,,,28.78,21.89,21.89,,14.96,18.46,22.91,19.70
姬百合,2017,,,,,,,,,,,,,
香水百合,2017,16.48,34.11,23.98,24.33,24.67,28.19,21.21,21.21,22.48,23.73,23.05,25.45,25.14
香水百合,2017,17.25,29.17,24.32,21.83,21.67,24,,,,,19.50,21.33,23
大理花,2017,,,,,,,17,17,,,,,
聖誕紅,2017,,,,,,,,,,,,75,74.17
蘿蔔,2016,6.44,14.28,16.77,13.40,11.87,13.25,14.64,14.64,9.88,10,20.01,20,9.15
白玉蘿蔔,2016,,,,,,,,,,,,,
胡蘿蔔,2016,16.63,15.63,15.36,18.17,20.08,23,24.23,24.23,24.53,25.50,38.67,37.83,27.67
山藥,2016,40.50,40,40,40,,,,,,50.83,52.83,43.83,41
牛蒡,2016,,,27.67,26.33,,,,,,,,,
生薑,2016,,,,,61.67,51,51.50,51.50,48,42.33,35.50,,
生薑,2016,42.17,52.01,45.89,36.38,33.63,28.33,43.33,43.33,52,43.33,43.33,40,35
芋頭,2016,56.11,60.29,65,75.33,64,56.67,50,50,46.67,45,39.38,39.49,36.05
綠竹筍,2016,,,,124.50,126.30,75.68,88.97,88.97,71.53,60.47,89.33,,
烏殼綠竹筍,2016,,,,47.33,34.67,26.67,26.67,26.67,26,25,55.67,,
麻竹筍,2016,36.67,40,50,42.78,42.50,30.61,24.75,24.75,25.33,23.92,59.78,35,16
桂竹筍,2016,,,,31.02,29.75,,,,,,,,
轎篙筍,2016,,,,,32,32,,,,,,,
白蘆筍,2016,,,,,86.67,98.33,153.83,153.83,147,145.50,112.67,,
綠蘆筍,2016,,,124.17,138.06,150.48,116.25,115.56,115.56,121.67,126.11,153.89,186.67,200
茭白筍,2016,,90,94,85,60.67,58.33,56.67,56.67,59,66.67,62,71.67,
大芥菜,2016,11.55,29.25,,,,,,,,,,,
馬鈴薯,2016,21.04,25.32,23.92,24.42,24.53,24.50,25.27,25.27,25.70,26.17,27.17,29,22.70
加工麻竹筍,2016,,,,,,20.22,14.17,14.17,11.32,11.64,,,
青蔥,2016,85.46,88.48,73.37,40.40,25.99,21.23,21.65,21.65,27.26,42.47,100.09,76.63,50.77
青蔥,2016,,,,,,,,,,,,,
蔥頭,2016,,,,,,,,,,,,,
洋蔥,2016,12.50,13,14.46,16.12,23.53,25,25,25,,,,,16
洋蔥,2016,,,,,,,,,,,,,
青蒜,2016,61.50,90.63,59.62,59.38,,,,,,,,,70.29
蒜頭,2016,,78,75.80,106.09,156.16,135.13,118.81,118.81,127.18,135.18,143.49,143.02,144.83
荸薺,2016,,,,,,,,,,,,,
韭菜,2016,39.56,43.17,43.22,33.22,21.78,23.56,27.67,27.67,30.11,44.11,92.44,68,42.33
韭黃,2016,,,,,,,,,,,,,
蕹菜,2016,41.76,66.23,57.13,41.77,20.38,20.33,23.29,23.29,20.35,35.23,50,38.77,36
芹菜,2016,29.17,57.72,33.68,53.63,23.33,,,,,,,,
甘藍,2016,7.57,21.75,30.41,22.99,11.38,13.05,15.01,15.01,26.41,26.05,26.67,46.95,13.54
甘藍芽,2016,,,,,,,,,,,,,
小白菜,2016,27.06,47,27.70,19.26,17.08,20.67,24.50,24.50,15,31.50,47.99,19.19,15.03
青江白菜,2016,25.56,43.72,30.69,27.33,12.58,17.63,22.19,22.19,16.82,23.78,48.50,23.35,13.69
結球白菜,2016,9.86,25.62,24.63,13.83,11.20,13.52,14.52,14.52,19.57,18.03,27.05,24.74,9.23
結球白菜,2016,,,,,,,,,,,,,
菠菜,2016,28.38,50.97,37.23,35.85,,42.28,71.67,71.67,54.07,53.80,75.18,47.87,22.13
芥藍,2016,,,,,,,,,,,,,
莧菜,2016,33.22,,52.35,39.97,18.83,25.15,27.43,27.43,23.40,30.60,55.69,44.23,30.71
本島萵苣,2016,24,52.45,36.72,24.26,16.87,,,,,,,,
萵苣,2016,18.92,45.80,23.62,19.18,12.03,,,,,,,,
茼萵,2016,41.67,44.44,24.70,17,,,,,,,69.50,49.44,34.59
花椰菜,2016,15.55,29.63,35.84,28.36,32.29,32.75,35.73,35.73,38.44,42.89,69.37,70.03,29.11
青花苔,2016,20.86,36.38,37.67,32.88,,,,,,,,,
金針菜,2016,580.67,579,548.83,533.33,551.67,531.11,553.33,553.33,557.33,602.56,608.45,628.67,600.83
越瓜,2016,,,,,,,,,,,,,
胡瓜,2016,24.98,58.46,50.44,19.73,7.27,10.18,18.26,18.26,18.18,20.99,46.95,26.35,8.71
胡瓜,2016,,,,,,,,,,,,,
花胡瓜,2016,38.56,95.12,74.06,25.69,14.26,29,45.38,45.38,29.32,36.28,89.56,41.25,18.71
冬瓜,2016,15,16,30.85,35.28,15.83,8.67,8,8,8,9,16.55,24.25,19.33
苦瓜,2016,35.02,69.38,84.49,45.50,29.71,24.46,22.73,22.73,25.38,39.85,92.58,68.66,48.79
絲瓜,2016,,,,,,,,,,,,,
絲瓜,2016,28.65,49.30,43.15,37.08,17.32,15.62,17.48,17.48,16.82,19.08,52.58,35.03,25.05
扁蒲,2016,14.05,38.42,35.83,26.60,9.29,,,,,,43.17,34,14.80
茄子,2016,28.53,37.75,31.09,27.55,19.86,24.28,20.91,20.91,25.58,38.43,97.55,46.92,54.73
番茄,2016,25.66,34.80,43.38,44.95,48,36.67,23.33,23.33,26.35,37,61.03,90.50,60.42
小蕃茄,2016,73.45,39.50,54.22,71.67,64.33,58.33,45.67,45.67,73.33,65,79,157.06,104.78
甜椒,2016,24.83,43.46,42.89,37.96,22.33,35.93,34.78,34.78,20.50,33.88,79.90,95.18,43.38
西瓜,2016,,,,24.34,21.68,12.59,20.78,20.78,17.25,,,,
西瓜,2016,,,25,20.47,21.50,11.57,18.17,18.17,21.83,7.81,25,,
西瓜,2016,,,,,,,,,,,,,
洋香瓜,2016,37.42,37,52.36,53.31,38.83,27.08,32.20,32.20,29.43,25.25,39.72,54.33,35
洋香瓜,2016,,,,,,,,,,,,,
洋香瓜,2016,,,,,,,,,,,,,
洋香瓜,2016,,,,,,,,,,,,,
香瓜,2016,,,69.67,46.33,39.53,38.87,42.23,42.23,44.60,33.80,25.56,52.50,
敏豆,2016,53.07,95.42,74,59.50,52.42,55.23,74.93,74.93,86.86,106.59,140.20,96.83,49.29
豇豆,2016,35.67,53.50,51.22,52.33,28,19.71,30.42,30.42,40.40,43.67,81.13,70.67,33.33
豌豆,2016,62.55,118.54,70,98.33,,,,,,,,121.58,82.63
甜豌豆,2016,59,103.25,67.33,74,,,,,,,,,
毛豆,2016,22.84,19.20,19.20,19.20,17.92,,,,,,,,
菜豆,2016,,,,,,,,,,,,,
辣椒,2016,42.50,48.75,87.09,92.91,75.64,53.50,81.20,81.20,87.67,95.67,111.37,151.34,103.68
玉米筍,2016,,,,,,,,,,,,,
甜玉米,2016,19.37,26.24,26.97,24.34,18.61,14.34,15.97,15.97,20.63,14.88,27.19,55.27,23.53
蓮藕,2016,81.50,,,,,,,,45.67,38.33,41.33,41.33,40.67
草莓,2016,235.56,266.67,185.56,95,,,,,,,,,115.67
洋菇,2016,65.22,77.50,66.33,109.67,112.33,105.33,97.67,97.67,92.67,85,99.17,113,111.67
香菇,2016,1368.61,1438.75,1420,1453.33,1475.83,1454.17,1455,1455,1450.83,1467.50,1436.67,1435.83,1448.33
香菇,2016,92.11,93.17,92.33,94.89,96.67,95.67,97.34,97.34,97.34,98.11,97.33,96.78,96.56
木耳,2016,64.50,76.25,76.33,67.67,50.33,49.33,46,46,58,55,54.67,62.50,63.33
鮑魚菇,2016,,,,,,,,,,,,,
杏鮑菇,2016,,,,,,66.45,62.78,62.78,67.89,78.56,72.67,77.22,73.89
菱角,2016,,,,,,,,,,,,,
葡萄柚,2016,19.33,24.50,29,23.67,,,,,,17,20.11,20.51,19.58
芒果,2016,,,61.66,69.69,82.04,60.46,,,,,,,
芒果,2016,,,,96.67,107.50,105.68,95.90,95.90,95.11,,,,
芒果,2016,,,,,61.90,55.96,51.51,51.51,69.42,,,,
番石榴,2016,,,,,,,,,,,,,
番石榴,2016,,,,,,,,,,,,,
番石榴,2016,38.80,24.52,38.43,18.65,26.28,33.32,20.47,20.47,18.13,44.82,47.27,47.33,60.23
番石榴,2016,,,,,,,,,,,,,
蓮霧,2016,56.75,58.31,62.75,54.18,50.66,55.50,,,,,,82.94,64.46
枇杷,2016,,85,139.25,124.44,,,,,,,,,
荔枝,2016,,,,,,53.80,80,80,,,,,
荔枝,2016,,,,,,,,,,,,,
荔枝,2016,,,,,173.78,125.79,,,,,,,
龍眼,2016,,,,,,,93,93,65.41,43.75,,,
棗子,2016,51.01,46.02,56.14,,,,,,,,,,59.75
番荔枝,2016,58.76,65.09,74.75,,,,130,130,90,60,93,84.36,82.47
鳳梨釋迦,2016,,,,,,,,,,,,,
楊桃,2016,33.67,31.25,27,37.50,,,,,27,28.33,27.17,41.67,40
楊桃,2016,,,,,,,,,,,,,
酪梨,2016,,,,,,87.33,71.44,71.44,71.44,67.67,69.67,85,93.67
椰子,2016,5.67,5.46,5.59,5.96,6.89,7.50,7.94,7.94,8.06,7,6.92,6.50,6.25
檳榔,2016,0.96,1.57,1.78,2.25,3.87,4.31,2.47,2.47,1.09,1.30,1.07,0.96,0.98
彌猴桃,2016,,,,,,,,,,,,,
木瓜,2016,26.47,23.60,26.65,37.77,38.51,28.23,31.42,31.42,33.89,33.91,43.66,49.70,55.40
百香果,2016,,,,,,73,76.17,76.17,79.83,55,63.50,66.67,
香蕉,2016,39.17,48.20,57.33,37.79,25.58,18.12,19.12,19.12,37.46,35.17,33.66,40.25,63.19
香蕉,2016,,,,,,,,,,,,,
鳳梨,2016,,,,,,23.37,20.25,20.25,20.17,20,16.77,16.87,
鳳梨,2016,25.25,14.75,15.89,17.30,27.17,33.21,23.39,23.39,29.94,27.95,19.75,28.50,24.08
鳯梨,2016,,,,,,,,,,,,,
鳳梨,2016,,,,,,,,,,,,,
紅龍果,2016,,,,,96.67,65.58,39.60,39.60,55.45,39.61,51.48,73.15,
椪柑,2016,39.48,27.50,,,,,,,,,44.34,35.69,31.49
桶柑,2016,30.90,26.82,21.75,,,,,,,,,,
文旦,2016,,,,,,,,,43.59,42.14,,,
柳橙,2016,19.88,19.07,21.95,,,,,,,,22.82,22.13,23.61
檸檬,2016,16.78,13.30,22.67,23.96,29.82,31.83,20.83,20.83,11.74,12.25,26.40,55.76,62.98
檸檬,2016,,,,,,,,,,,,,
海梨柑,2016,24.38,23.75,,,,,,,,,,,
茂谷柑,2016,50.57,43.08,48.83,35,,,,,,,,,
白柚,2016,,,,,,,,,,28.33,28.42,29.44,36.67
金柑,2016,43.28,68.50,75.67,,,,,,,,,44.75,40.33
李,2016,,,,,,,,,,,,,
李,2016,,,,,,47.67,,,,,,,
鶯歌桃,2016,,,,,,39.70,,,,,,,
甜桃,2016,,,,65,88,,,,,,,,
水蜜桃,2016,,,,,,,89.57,89.57,92.17,,,,
牛心柿,2016,,,,,,,,,,28,26.67,25.25,
甜柿,2016,,,,,,,,,,,88.76,72.56,63.64
紅柿,2016,,,,,,,,,27.15,24.45,22.82,,
青梅,2016,,,,58.84,54.10,,,,,,,,
青梅,2016,,,,20.42,20.50,,,,,,,,
橫山梨,2016,,,,,,,,,,,,,
新世紀梨,2016,,,,,,,,,70,67.67,65,,
豐水梨,2016,,,,,,72.83,83.42,83.42,,,,,
幸水梨,2016,,,,,,,,,,,,,
新興梨,2016,,,,,,,66.48,66.48,70.49,70.36,,,
五爪蘋果,2016,,,,,,,,,,,,,
金冠蘋果,2016,,,,,,,,,,,,,
富士蘋果,2016,,,,,,,,,,,,,
巨峰葡萄,2016,70.75,,92.67,90,96.67,81.89,70.92,70.92,78.75,87.33,69.50,65.02,67.33
落花生,2016,71.25,67.83,67.50,69.84,69.47,61.81,63.61,63.61,66.88,61.15,63.88,75.37,72.67
花生仁,2016,119.26,,,,,,,,,,,118.33,114.62
紅豆,2016,76.34,78.30,,,,,,,,,,,96.66
綠豆,2016,80.17,80.50,80.17,80.67,91.75,95.08,80.17,80.17,80.33,80.17,80.17,80.33,
花豆,2016,,,,,,,,,,,,,
甘藷,2016,27.08,22.65,20.93,17.45,16.95,14.76,15.19,15.19,19.25,15.54,15.90,16.85,14.43
烏龍茶菁,2016,,,195,250.21,258.02,202.78,133,133,152.33,158.20,199.70,276.28,
烏龍茶菁,2016,,,,89.17,86.83,59.17,44.40,44.40,21.60,21.60,58.30,59.87,
金萱茶菁,2016,,,132.56,148.19,146.53,116.22,75,75,75,92.22,107.08,150.42,
金萱茶菁,2016,,,,51.44,48.37,44.11,35.51,35.51,22.80,22.80,43.53,44.28,
蓮子,2016,,,,,,583,563.67,563.67,570.67,570,551.67,,
荖花,2016,,,,,,,,,,,,,
蜂蜜,2016,,,,,,,,,,,,,
紅甘蔗,2016,10.91,10.69,11.75,12.11,10.78,10.22,9.88,9.88,10.90,10.26,11.75,11.64,11.57
芝麻,2016,233.04,235.50,250,250,227.02,228.87,250,250,250,250,250,250,244.13
紅茶,2016,,,,,,,,,,,,,
綠茶,2016,,,,,,,,,,,,,
文心蘭,2016,4.64,7.09,8.56,9.90,10.49,5.76,6.13,6.13,6.71,3.98,3.73,7.80,6
菊花,2016,4.57,10.46,8.18,9.99,7.55,4.51,5.67,5.67,8.17,5.19,8.21,10.53,7.43
菊,2016,3.38,7.68,5.88,7.03,7.67,4.17,3.13,3.13,5.17,3.66,5.14,7.90,4.94
玫瑰,2016,5.43,6.64,9.11,4.20,3.66,3.92,3.33,3.33,4.44,4.36,6.19,5.64,4.47
火鶴,2016,11.75,14,14.43,12.87,8.83,8,10.24,10.24,10.81,9.29,11.03,11.39,10.20
非洲菊,2016,2.72,6.45,3.13,2.98,2.48,3.11,4.08,4.08,4.35,5.17,6.62,5.86,4.04
滿天星,2016,63.68,73.50,70.67,70.33,77.33,52.50,45.67,45.67,70.33,81.50,137.17,82,63.67
卡斯比亞,2016,45,106,77.33,75.17,57.33,41.33,40,40,61.33,54.33,94,86.67,90.67
香石竹,2016,,,,,,,,,,,,,
香石竹,2016,3.81,8.25,6,6.39,3.79,2.03,2.20,2.20,3.67,2.94,3.80,4.75,3.25
天堂鳥,2016,13.67,23,12.67,9.83,11.33,10.67,14.75,14.75,8,7.33,17.67,14,9.50
夜來香,2016,2.83,7,5.83,6.50,3.83,2.57,2.83,2.83,3.98,6.03,4.67,4.40,3.83
唐菖蒲,2016,2.80,7.53,5.81,8.84,3.75,3.82,4.63,4.63,5.54,6.77,6.04,5.47,4.38
葵百合,2016,,,,,,14.97,15.93,15.93,28.46,30.43,20.80,24.57,
姬百合,2016,,,,,,,,,,,,,
香水百合,2016,13.49,36,30.97,30.44,24.67,20.30,18.26,18.26,31.53,34,23.92,25.44,20.43
香水百合,2016,15.17,39.50,31.17,30.67,22.33,19,15.67,15.67,26.67,30,21.53,24.57,23.33
大理花,2016,,,,,,,,,,,,,
聖誕紅,2016,,,,,,,,,,,,78.33,75
聖誕紅,2015,11.84,6.65,5.96,9.34,10.68,13.24,14.41,14.41,15.97,20.33,13.58,9.72,6.82
蘿蔔,2015,11.11,9.06,8.59,10.13,12.03,13.13,13.50,13.50,15.57,20.17,24,24.83,23.33
胡蘿蔔,2015,,,12.70,16.90,,,,,,,,,
牛蒡,2015,,,,,72.67,59.17,52.50,52.50,53.33,59.50,58.67,,
生薑,2015,54.73,58.62,50.22,48.33,48.07,65,70,70,80,91.67,71.67,73.33,51.67
生薑,2015,38.09,42.03,43.33,45,45,40,36,36,38.89,34.60,41.32,47.33,54.47
芋頭,2015,,,,113.99,108.64,85.96,84.75,84.75,68.15,87.30,78.56,,
綠竹筍,2015,,,,29.33,22.33,21.67,21.33,21.33,30.67,38.33,31.67,,
烏殼綠竹筍,2015,53,57.50,58.33,44.18,38,31.22,27.54,27.54,33.75,43.50,38.83,32.83,35.67
麻竹筍,2015,,,,27.64,26.83,,,,,,,,
桂竹筍,2015,,,,,27,25.50,,,,,,,
轎篙筍,2015,,,,,73.83,72.83,77.67,77.67,77.83,92.50,87.50,,
白蘆筍,2015,200,,105.83,100.83,77,94,97.58,97.58,102.92,111.11,105,,
綠蘆筍,2015,,85,63.33,60,45.33,63.33,76.67,76.67,65,66.67,75,65,
茭白筍,2015,9.89,5.38,,,,,,,,,,,
大芥菜,2015,24.47,20.41,19.72,17.83,17.43,17.97,18.50,18.50,19.90,22,23.83,24.50,21.35
馬鈴薯,2015,29.14,23.14,21.33,21.32,21.97,42.20,55.22,55.22,93.97,74.55,77.95,57.85,68.62
青蔥,2015,13.67,11.75,10.08,10.99,15.40,16.87,19.53,19.53,23.60,,,,19.33
洋蔥,2015,46.91,34.34,34.28,32.43,,,,,,,,,51
青蒜,2015,,72,56.75,49.56,48.45,53.21,58.09,58.09,63.33,65.68,67.34,71.03,71.79
蒜頭,2015,35.44,33.84,24.33,23,20,29,27.11,27.11,32.45,66.44,60.33,40.78,31.89
韭菜,2015,,,,,,,,,,,,,
韭黃,2015,42.28,25,22.03,23.16,17.59,25.73,19.14,19.14,34.85,45.05,36.73,27.24,33.11
蕹菜,2015,29.50,28.75,30.05,35.89,21.67,,,,,,,,
芹菜,2015,12.70,6.02,5,12.36,14.25,15.11,18.78,18.78,27.41,37.76,37.03,22.08,7.55
甘藍,2015,,,,,,,,,,,,,
甘藍芽,2015,21.20,15.59,14.61,17.19,15.17,32.58,19.42,19.42,48.50,51.67,34.33,23.77,16.83
小白菜,2015,15.41,8.84,14.44,15.17,10.50,27.67,13.50,13.50,40.67,50.33,31.33,19.42,14
青江白菜,2015,9.91,5.40,6.80,14.30,9.24,20.24,13.04,13.04,20.35,25.51,19.52,12.57,10.98
結球白菜,2015,22.46,11.70,13.93,27.62,,33.21,44.96,44.96,77.98,71.17,47.58,38.86,22.07
菠菜,2015,,,,,,,,,,,,,
芥藍,2015,31,,27,28.14,16.08,27.79,21.57,21.57,30.09,50.73,44.04,33.58,38.61
莧菜,2015,24.14,9.83,12.22,22.89,10.45,,,,,,,,
本島萵苣,2015,20.92,7.50,8.67,15.44,9.11,,,,,,,,
萵苣,2015,19,13.38,17.44,24,,,,,,,41.50,27.17,33.61
茼萵,2015,19.18,13.57,14.44,22.89,18.89,42.11,44,44,36.11,59,54.91,39.11,26.05
花椰菜,2015,28.39,16.95,14.62,23.70,,,,,,,,,
青花苔,2015,735,740.50,738.83,738,605.55,457.78,485.50,485.50,517.66,564.33,564.33,571,571
金針菜,2015,27.95,22.73,13.80,16.32,15.89,18.83,14.23,14.23,29.56,37.30,30.85,17.86,17.07
胡瓜,2015,33.34,33.75,27.17,29.50,21.92,30.79,24.63,24.63,36.61,53.50,44.08,32.39,28.71
花胡瓜,2015,10.33,9,13.63,12.28,9.63,8.33,13.33,13.33,13.67,20.70,18.87,21.32,12.67
冬瓜,2015,56.07,64.96,46.86,32.21,20.52,42.06,24.62,24.62,49.96,73.14,60.71,38.56,29.13
苦瓜,2015,,,,,,,,,,,,,
絲瓜,2015,27.43,19.89,22.03,20.74,15.81,25.92,19.99,19.99,33.74,37.42,34.40,25.41,24.30
絲瓜,2015,18.80,17.90,14,12.87,8.73,,,,,,36.33,16.33,14.30
扁蒲,2015,26.20,21.75,18.07,27.33,22.52,41.61,23.34,23.34,40,54.67,51.48,36.64,26.33
茄子,2015,21.75,19.10,12.97,14.59,27.67,48.33,41.96,41.96,36.37,52.95,63.17,47.06,30.13
番茄,2015,38.22,33.34,29.78,27.17,33.50,56.67,65,65,80,84.67,60,96.22,82.89
小蕃茄,2015,43.61,30.71,20.01,28.73,23.38,52.76,33.50,33.50,39.52,68.98,74.30,54.85,31.02
甜椒,2015,,,,14.73,10.45,12.38,16.67,16.67,,,,,
西瓜,2015,,,15.25,9.96,10.33,14.08,12.19,12.19,9.16,18.62,19,,
西瓜,2015,,,,,,,,,,,,,
西瓜,2015,31.17,41.63,42.16,43.18,38.04,32.04,32.33,32.33,29.78,39.11,35.42,37.67,28.33
洋香瓜,2015,,,52.50,45.72,33.91,35.81,38.28,38.28,35.51,35.58,41.24,38.50,
香瓜,2015,73.53,76.59,55.56,69.25,60.08,63.14,71.41,71.41,79.58,113.70,102.27,60.60,50.72
敏豆,2015,57.78,53.50,40.67,38.75,29,35.58,32.58,32.58,43.47,64.73,59.92,42.08,35.11
豇豆,2015,59.32,53.58,38.76,58.67,,,,,,,,89,65.66
豌豆,2015,48.50,42.75,31.33,49.33,,,,,,,,,
甜豌豆,2015,34.87,14.70,14.70,14.70,13.27,,,,,,,,
毛豆,2015,43.25,52.23,50.17,42.93,34.09,45.45,60.81,60.81,77.13,152.06,79.86,78.62,64.34
辣椒,2015,18.86,19.36,13.68,14.55,12.57,14.96,14.09,14.09,23.12,32.17,27.68,23.18,24.07
甜玉米,2015,70.83,,,,,,,,46.67,48.33,46.67,100,83
蓮藕,2015,237.78,253.34,146.89,114,,,,,,,,,155
草莓,2015,86.22,77.50,82.45,128.33,102.50,120,93.33,93.33,100,113.33,140,111.89,96.11
洋菇,2015,1495.83,1555,1420.83,1367.50,1390,1379.17,1340.83,1340.83,1272.50,1258.33,1236.67,1210.83,1202.50
香菇,2015,104.55,106.84,99.56,94.33,94.11,95.33,93.78,93.78,90.67,91,90.89,89.22,86.89
香菇,2015,65.17,61,55.83,50.67,47.33,40,39.67,39.67,58,67.33,56,56,53.52
木耳,2015,,,,,,,,,,,,,
鮑魚菇,2015,,,,,,80,83.33,83.33,86.33,90,91.67,92.22,86.45
杏鮑菇,2015,15.33,24,25.33,19.50,,,,,,20,21.56,22.28,21.55
葡萄柚,2015,,,77.50,57.54,58.50,36.96,,,,,,,
芒果,2015,,,,86.83,79.72,45.67,29.64,29.64,46.11,,,,
芒果,2015,,,,,50,28.90,17.87,17.87,29.36,,,,
芒果,2015,,,,,,,,,,,,,
番石榴,2015,,,,,,,,,,,,,
番石榴,2015,26.13,25.54,12.09,11.91,17.52,28.18,18.31,18.31,37.32,43.28,44.37,40.52,48.34
番石榴,2015,56.13,52.83,50.30,42.99,45.33,35,,,,,,63.14,67.50
蓮霧,2015,,,170,142.64,,,,,,,,,
枇杷,2015,,,,,,25.79,19.80,19.80,,,,,
荔枝,2015,,,,,77.69,55.21,,,,,,,
荔枝,2015,,,,,,,41.08,41.08,41.52,59.59,,,
龍眼,2015,57.07,44.52,38.80,,,,,,,,,,62.98
棗子,2015,59.56,65.67,64.72,,,,61,61,55.33,58.54,64.83,62.76,62.37
番荔枝,2015,26,17,18.72,17.83,,,,,35,37.50,41.17,38.33,31.67
楊桃,2015,,,,,,69,48.11,48.11,50.33,73.81,82.33,97,93
酪梨,2015,5.99,5.54,5.89,5.34,6.23,6.25,6.58,6.58,7.06,6.58,6.50,6.38,5.75
椰子,2015,1.08,1.92,2.33,2.60,3.96,3.75,0.93,0.93,1.35,1.16,0.75,0.60,0.63
檳榔,2015,28.11,19.03,19.51,24.37,18.34,15.69,17.18,17.18,32.35,42.24,50.74,63.99,47.60
木瓜,2015,,,,,,66.33,55.83,55.83,49.17,53.83,48.60,48,45.33
百香果,2015,29.44,30.09,25.44,15.32,16.06,15.59,17.81,17.81,29.53,44.68,49.33,48.43,45.89
香蕉,2015,29.44,30.09,25.44,15.32,16.06,15.59,17.81,17.81,29.53,44.68,49.33,48.43,45.89
鳳梨,2015,20.75,26.42,22.02,23.24,24.86,17.21,17.37,17.37,21.65,25.89,27.33,25,27.17
鳳梨,2015,,,,,91.67,62.92,28.92,28.92,47.92,54.16,61.42,70.04,
紅龍果,2015,36.56,40.50,,,,,,,,,35.85,32.33,32.40
椪柑,2015,43.61,45.56,38.94,,,,,,,,,,
桶柑,2015,,,,,,,,,24.75,48.21,,,
文旦,2015,18.48,20.34,20.60,,,,,,,,20.13,18.78,19.34
柳橙,2015,43.47,47.59,41.38,40.31,35.95,40.24,24.87,24.87,12.73,15.17,28,47.35,35.17
檸檬,2015,30.58,30.20,,,,,,,,,,,
海梨柑,2015,48.61,59.66,57,62.17,,,,,,,,,
茂谷柑,2015,40.33,41,42.67,,,,,,,,,,39.85
金柑,2015,,,,,,,,,,,,,
李,2015,,,,,50,47.50,,,,,,,
李,2015,,,,,,24,,,,,,,
鶯歌桃,2015,,,,42.67,43.67,,,,,,,,
甜桃,2015,,,,,,,68.19,68.19,74.78,,,,
水蜜桃,2015,,,,,,,,,,28.75,26.65,30,
牛心柿,2015,,,,,,,,,,,81.74,79.03,77.50
甜柿,2015,,,,,,,,,17.13,32.38,34.28,,
紅柿,2015,,,30,40.46,36.17,,,,,,,,
青梅,2015,,,,15.52,,,,,,,,,
青梅,2015,,,,,,,50,50,42.50,22.50,,,
橫山梨,2015,,,,,,,,,46,63.33,,,
新世紀梨,2015,,,,,,56.84,79.90,79.90,,,,,
豐水梨,2015,,,,,,,,,,,,,
幸水梨,2015,,,,,,,39.38,39.38,41.43,48.67,,,
新興梨,2015,61.11,52.50,51.67,55,71.67,65.55,51.62,51.62,64.92,85.17,89.67,72.06,69.37
巨峰葡萄,2015,54.73,54.74,54.85,54.69,53.67,50.50,50.88,50.88,51.70,52.50,54.70,67.88,72
落花生,2015,64.53,60.67,,,,,,,,,,,66.25
紅豆,2015,80.17,80.25,80.33,80.17,88.42,90.17,80.33,80.33,80.50,80.33,80.33,80.50,
綠豆,2015,12.46,12.09,8.74,9.34,8.30,10.41,11.20,11.20,16.85,22.05,25.42,30.09,29.42
甘藷,2015,,,150,256.26,232.61,163.58,130.33,130.33,147,144.86,233.70,280.21,
烏龍茶菁,2015,,,,82.72,88.88,80.55,69.43,69.43,59.43,61.93,65.33,66.33,
烏龍茶菁,2015,,,125.33,152.78,144.12,106.33,71.33,71.33,75,95,121.84,149.98,
金萱茶菁,2015,,,40,54.11,47.74,42.99,42.43,42.43,42.73,44.62,46.89,56.94,
金萱茶菁,2015,,,,,580,536.67,566.17,566.17,566.75,564,540,,
蓮子,2015,14,13.82,11.86,12.19,10.10,10.27,10.42,10.42,10.23,11.42,12.32,11.95,11.15
紅甘蔗,2015,219.71,225,220,220,209.61,210.53,210,210,210,210,210,210,227.02
芝麻,2015,8.24,8.19,7.64,8,7.04,6.45,7.75,7.75,7.74,4.68,4.78,4.30,4.25
文心蘭,2015,4.45,5.84,5.44,5.84,6.83,8,10.33,10.33,9.67,9.23,8.17,8.47,8.89
菊花,2015,5.46,8.78,5.42,2.90,4.94,5.29,4.59,4.59,4.14,3.50,6.18,3.64,4.77
玫瑰,2015,13.26,13.85,12.07,12.48,9.35,9.47,10.56,10.56,12.28,10.65,11.20,10.22,10.72
火鶴,2015,3.28,3.75,2.03,2.50,2.52,4.78,3.78,3.78,5.54,6.91,5.56,3.15,3.85
非洲菊,2015,89.83,79.05,37.38,43.57,69.87,72.02,70.45,70.45,81.90,108,135.88,95.92,61.50
滿天星,2015,73.33,105,61.67,28.67,43.33,75,41.67,41.67,58,80,81.67,76.67,45
卡斯比亞,2015,,,,,,,,,,,,,
香石竹,2015,3.58,4.50,2.76,2.79,4.11,3.67,4.33,4.33,3.42,4.58,5.42,5.28,4.12
香石竹,2015,12.67,13.50,6,5.67,9.33,13,7.67,7.67,9.33,8,12.33,9,11.33
天堂鳥,2015,6,7.25,5.33,6.67,4.83,4,4.50,4.50,5.17,5.33,6,4.33,3.50
夜來香,2015,5.14,4.93,3.73,4.21,5.64,6.34,5.48,5.48,7.04,6.92,8.20,5.97,4.02
唐菖蒲,2015,,,,,,26.70,23.73,23.73,31.20,31.91,27.98,19,15.37
葵百合,2015,,,,,,,,,,,,,
姬百合,2015,26.32,21.12,21.72,22.19,28.67,25.21,25.19,25.19,33.44,32.13,28.11,22.42,17.69
香水百合,2015,30.47,31.95,23.87,23.57,22.33,22.17,22.83,22.83,24,23.67,24,21.67,17
香水百合,2015,,,,,,,,,,,,70.83,61.67
